y_label,index,XGB预测值,XGB预测概率
0,28,0,0.35325894
0,10,0,0.35325894
1,23,1,0.74183774
1,2,1,0.69768226
1,18,1,0.71139216
1,26,1,0.66438514
0,30,0,0.35325894
